Theta [deg];dBW(GainTotal) [] - Freq='2.1GHz' Phi='0deg';dBW(GainTotal) [] - Freq='2.1GHz' Phi='5deg';dBW(GainTotal) [] - Freq='2.1GHz' Phi='10deg';dBW(GainTotal) [] - Freq='2.1GHz' Phi='15deg';dBW(GainTotal) [] - Freq='2.1GHz' Phi='20deg';dBW(GainTotal) [] - Freq='2.1GHz' Phi='25deg';dBW(GainTotal) [] - Freq='2.1GHz' Phi='30deg';dBW(GainTotal) [] - Freq='2.1GHz' Phi='35deg';dBW(GainTotal) [] - Freq='2.1GHz' Phi='40deg';dBW(GainTotal) [] - Freq='2.1GHz' Phi='45deg';dBW(GainTotal) [] - Freq='2.1GHz' Phi='50deg';dBW(GainTotal) [] - Freq='2.1GHz' Phi='55deg';dBW(GainTotal) [] - Freq='2.1GHz' Phi='60deg';dBW(GainTotal) [] - Freq='2.1GHz' Phi='65deg';dBW(GainTotal) [] - Freq='2.1GHz' Phi='70deg';dBW(GainTotal) [] - Freq='2.1GHz' Phi='75deg';dBW(GainTotal) [] - Freq='2.1GHz' Phi='80deg';dBW(GainTotal) [] - Freq='2.1GHz' Phi='85deg';dBW(GainTotal) [] - Freq='2.1GHz' Phi='90deg';dBW(GainTotal) [] - Freq='2.1GHz' Phi='95deg';dBW(GainTotal) [] - Freq='2.1GHz' Phi='100deg';dBW(GainTotal) [] - Freq='2.1GHz' Phi='105deg';dBW(GainTotal) [] - Freq='2.1GHz' Phi='110deg';dBW(GainTotal) [] - Freq='2.1GHz' Phi='115deg';dBW(GainTotal) [] - Freq='2.1GHz' Phi='120deg';dBW(GainTotal) [] - Freq='2.1GHz' Phi='125deg';dBW(GainTotal) [] - Freq='2.1GHz' Phi='130deg';dBW(GainTotal) [] - Freq='2.1GHz' Phi='135deg';dBW(GainTotal) [] - Freq='2.1GHz' Phi='140deg';dBW(GainTotal) [] - Freq='2.1GHz' Phi='145deg';dBW(GainTotal) [] - Freq='2.1GHz' Phi='150deg';dBW(GainTotal) [] - Freq='2.1GHz' Phi='155deg';dBW(GainTotal) [] - Freq='2.1GHz' Phi='160deg';dBW(GainTotal) [] - Freq='2.1GHz' Phi='165deg';dBW(GainTotal) [] - Freq='2.1GHz' Phi='170deg';dBW(GainTotal) [] - Freq='2.1GHz' Phi='175deg';dBW(GainTotal) [] - Freq='2.1GHz' Phi='180deg';dBW(GainTotal) [] - Freq='2.1GHz' Phi='185deg';dBW(GainTotal) [] - Freq='2.1GHz' Phi='190deg';dBW(GainTotal) [] - Freq='2.1GHz' Phi='195deg';dBW(GainTotal) [] - Freq='2.1GHz' Phi='200deg';dBW(GainTotal) [] - Freq='2.1GHz' Phi='205deg';dBW(GainTotal) [] - Freq='2.1GHz' Phi='210deg';dBW(GainTotal) [] - Freq='2.1GHz' Phi='215deg';dBW(GainTotal) [] - Freq='2.1GHz' Phi='220deg';dBW(GainTotal) [] - Freq='2.1GHz' Phi='225deg';dBW(GainTotal) [] - Freq='2.1GHz' Phi='230deg';dBW(GainTotal) [] - Freq='2.1GHz' Phi='235deg';dBW(GainTotal) [] - Freq='2.1GHz' Phi='240deg';dBW(GainTotal) [] - Freq='2.1GHz' Phi='245deg';dBW(GainTotal) [] - Freq='2.1GHz' Phi='250deg';dBW(GainTotal) [] - Freq='2.1GHz' Phi='255deg';dBW(GainTotal) [] - Freq='2.1GHz' Phi='260deg';dBW(GainTotal) [] - Freq='2.1GHz' Phi='265deg';dBW(GainTotal) [] - Freq='2.1GHz' Phi='270deg';dBW(GainTotal) [] - Freq='2.1GHz' Phi='275deg';dBW(GainTotal) [] - Freq='2.1GHz' Phi='280deg';dBW(GainTotal) [] - Freq='2.1GHz' Phi='285deg';dBW(GainTotal) [] - Freq='2.1GHz' Phi='290deg';dBW(GainTotal) [] - Freq='2.1GHz' Phi='295deg';dBW(GainTotal) [] - Freq='2.1GHz' Phi='300deg';dBW(GainTotal) [] - Freq='2.1GHz' Phi='305deg';dBW(GainTotal) [] - Freq='2.1GHz' Phi='310deg';dBW(GainTotal) [] - Freq='2.1GHz' Phi='315deg';dBW(GainTotal) [] - Freq='2.1GHz' Phi='320deg';dBW(GainTotal) [] - Freq='2.1GHz' Phi='325deg';dBW(GainTotal) [] - Freq='2.1GHz' Phi='330deg';dBW(GainTotal) [] - Freq='2.1GHz' Phi='335deg';dBW(GainTotal) [] - Freq='2.1GHz' Phi='340deg';dBW(GainTotal) [] - Freq='2.1GHz' Phi='345deg';dBW(GainTotal) [] - Freq='2.1GHz' Phi='350deg';dBW(GainTotal) [] - Freq='2.1GHz' Phi='355deg';dBW(GainTotal) [] - Freq='2.1GHz' Phi='360deg'
0;-8.33728999476446;-8.33728999476446;-8.33728999476446;-8.33728999476446;-8.33728999476446;-8.33728999476446;-8.33728999476446;-8.33728999476446;-8.33728999476446;-8.33728999476446;-8.33728999476446;-8.33728999476446;-8.33728999476446;-8.33728999476446;-8.33728999476446;-8.33728999476446;-8.33728999476446;-8.33728999476446;-8.33728999476446;-8.33728999476446;-8.33728999476446;-8.33728999476446;-8.33728999476446;-8.33728999476446;-8.33728999476446;-8.33728999476446;-8.33728999476446;-8.33728999476446;-8.33728999476446;-8.33728999476446;-8.33728999476446;-8.33728999476446;-8.33728999476446;-8.33728999476446;-8.33728999476446;-8.33728999476446;-8.33728999476446;-8.33728999476446;-8.33728999476446;-8.33728999476446;-8.33728999476446;-8.33728999476446;-8.33728999476446;-8.33728999476446;-8.33728999476446;-8.33728999476446;-8.33728999476446;-8.33728999476446;-8.33728999476446;-8.33728999476446;-8.33728999476446;-8.33728999476446;-8.33728999476446;-8.33728999476446;-8.33728999476446;-8.33728999476446;-8.33728999476446;-8.33728999476446;-8.33728999476446;-8.33728999476446;-8.33728999476446;-8.33728999476446;-8.33728999476446;-8.33728999476446;-8.33728999476446;-8.33728999476446;-8.33728999476446;-8.33728999476446;-8.33728999476446;-8.33728999476446;-8.33728999476446;-8.33728999476446;-8.33728999476446
5;-8.62185420090271;-8.53886598618375;-8.4677358655298;-8.41044237373366;-8.36802099422319;-8.34120439651831;-8.33098418009221;-8.33893093335859;-8.36714257999386;-8.41779101622059;-8.49237998931934;-8.5909568952916;-8.71158586201318;-8.85036073265924;-9.00210229120767;-9.16164673952802;-9.3253405239954;-9.4921387506334;-9.66372613825847;-9.84340440077119;-10.0339818345585;-10.2353169214558;-10.4423592415884;-10.6445016087355;-10.8268175459696;-10.9732108136608;-11.070620404014;-11.1126106126331;-11.1007100677843;-11.0430424722334;-10.9512753116158;-10.8375119066055;-10.7122326292634;-10.5834825149906;-10.4569132112426;-10.3361718493068;-10.2232882606653;-10.1189248771793;-10.0225112768714;-9.93236589177093;-9.84592058105437;-9.76012066831781;-9.67198833508257;-9.57924326613438;-9.48081925902532;-9.37713449092985;-9.27005664578354;-9.16260024862147;-9.0584513931867;-8.96142456823485;-8.87494368133235;-8.80162997350392;-8.74307295533863;-8.69983833693306;-8.67171520878087;-8.65812838687474;-8.65856542654937;-8.67282725773418;-8.7009387397167;-8.74265975172617;-8.79669398278174;-8.85985135909996;-8.9265254426725;-8.98884728022004;-9.03772358093964;-9.06464197287388;-9.06371809500477;-9.03320551284659;-8.9758385010537;-8.89791604804624;-8.80761058017985;-8.71321400194238;-8.6218542009027
10;-9.76737117867007;-9.57273555728115;-9.32042124549321;-9.0611935000393;-8.83948099795339;-8.67568580995427;-8.56024223778942;-8.46196729028027;-8.34893566929735;-8.21087517326301;-8.06631759746992;-7.94893756758117;-7.88703998340785;-7.89392670632818;-7.97271822268749;-8.12479321376404;-8.35010272963207;-8.64063963153869;-8.98115143132306;-9.36710955418934;-9.82766390586386;-10.4251049150215;-11.2180637269255;-12.2022573984427;-13.2551348330598;-14.1477653907917;-14.7079817467874;-14.9914510048094;-15.1808911422506;-15.374672741896;-15.5320948373165;-15.5522783057448;-15.3763397354845;-15.0227288025382;-14.5474353092365;-13.9995391359365;-13.4107237540584;-12.8025925719871;-12.1917144627251;-11.5889396531329;-10.9984278239823;-10.4215049027998;-9.86468942210055;-9.34435463623675;-8.88117137571753;-8.48805588908208;-8.1634194591856;-7.89650732183157;-7.67883465724064;-7.50925472788728;-7.38828639187197;-7.3104791361566;-7.26512436787655;-7.24464399930646;-7.25048802148626;-7.28954254595363;-7.36569461993928;-7.47689765683352;-7.62163661646006;-7.80741067403947;-8.04969034509339;-8.35816963742747;-8.71924519452255;-9.08830565129339;-9.40255884995083;-9.61423301036145;-9.72187615333539;-9.76813208307038;-9.80353656247207;-9.84946622239607;-9.88652317089417;-9.87111531544494;-9.76737117867007
15;-8.28705758220398;-8.25342914870994;-8.16024875882565;-7.94806413873708;-7.61183827905351;-7.24726595240393;-6.96644027539517;-6.80581708716604;-6.71170274390108;-6.60718012001352;-6.49661668374986;-6.46633599238446;-6.55756077915029;-6.69927303590262;-6.80649962171498;-6.91071557351653;-7.12785794993388;-7.51406855610257;-7.9673995416949;-8.26605146824652;-8.3085797960669;-8.28506321789337;-8.44131125427416;-8.78209292492017;-9.09725520904552;-9.29526716340211;-9.54419116386403;-9.94746798130607;-10.3270641680742;-10.4612754831153;-10.410506067488;-10.3770446407577;-10.4353625167965;-10.5306424184524;-10.5950187320281;-10.6101573426323;-10.5847473906272;-10.5014912260272;-10.3099901812433;-9.9998419725405;-9.66736586580869;-9.45488882831212;-9.42130890372533;-9.49108616317124;-9.54470410825584;-9.56238256345391;-9.60698696806752;-9.66646974223044;-9.63379968716242;-9.48022378406546;-9.30556813409848;-9.15062281491202;-8.90322425137979;-8.46665444710787;-7.93524633109566;-7.49571806724164;-7.23710208576632;-7.09892087277011;-6.96034174298544;-6.80077305552053;-6.7520364788873;-6.95143844364348;-7.3794733063686;-7.85265475951219;-8.18697487201477;-8.34514577849972;-8.37866832117529;-8.33386641759412;-8.26422402336741;-8.23224409234485;-8.25385294307883;-8.28547917237361;-8.28705758220397
20;-5.64703406663986;-5.30164716054495;-5.18154938398248;-5.21791880633561;-5.22487459819394;-5.12396157422129;-5.0461209585449;-5.15804202204662;-5.38277223414488;-5.41264151387069;-5.20067487544253;-5.0179064582925;-4.96832370403515;-4.9749775738362;-4.98825037707171;-4.96525695220251;-4.88185618722184;-4.86263788969638;-5.07682012258827;-5.51393400793204;-6.00616630619207;-6.4426191729652;-6.82343400361436;-7.14011189632706;-7.41816304502298;-7.84122539309887;-8.50452067875857;-9.04564459143591;-9.09049167060457;-8.96969240512946;-9.11033013157501;-9.56772682547349;-10.229214797185;-10.8329551677948;-10.9041411329963;-10.2232970647566;-9.19971498827842;-8.33590208440781;-7.83639377912008;-7.65281183372363;-7.60574660770173;-7.5536653860473;-7.56858347835074;-7.89424405089116;-8.55540349052093;-9.02372548644128;-8.91348519828085;-8.63649590050869;-8.38300354876354;-7.9761744778821;-7.48124274108955;-6.98654341752445;-6.45019643250184;-5.92997635632283;-5.528762459551;-5.30597121142138;-5.2858631874171;-5.44683705598625;-5.71764406531178;-5.88902529379529;-5.79805930318147;-5.68942640322635;-5.80534454467167;-6.06701065767025;-6.36219510720843;-6.60593025306135;-6.67962279158628;-6.62445375319252;-6.58099750957246;-6.55422189573664;-6.41786256769936;-6.08705283979195;-5.64703406663986
25;-3.75557235003211;-3.06958824467075;-2.89643087369905;-3.14144012547229;-3.46680042868987;-3.61881833138144;-3.67230138648064;-3.98346105194624;-4.68448260472323;-5.2235281704735;-5.30620241218389;-5.54248992598754;-5.94617762522523;-6.16987759072455;-6.33335738318458;-6.33120671024302;-6.11212355963364;-6.09070366011497;-6.45585954734621;-7.11040251783215;-7.94658778452821;-8.90114121323037;-9.58624682939264;-9.63067550179203;-9.76273412701057;-10.2473405783674;-10.7811734861698;-11.5250364010301;-12.6538232222077;-14.1799603820972;-15.4312426076639;-15.647291430786;-15.4177744366484;-15.3711779148394;-14.7237182686197;-12.9891807887897;-11.0934923190931;-9.64452564706912;-8.83999438073692;-8.73046365542465;-9.20744039720191;-10.002411970204;-10.5035960074022;-10.5669037935989;-10.8584244041408;-11.1071179630502;-10.6656114695805;-10.2710985182264;-10.2449548197316;-9.97866849963505;-9.53018002867841;-9.04238885553386;-8.35077606872131;-7.75737829149073;-7.26985457955894;-6.71897783203364;-6.4096004128492;-6.0996025002248;-5.59065847931014;-5.4057532820419;-5.28588996760292;-4.96319756410133;-4.68277711192145;-4.40264148316238;-4.30113841341386;-4.43947082805059;-4.65881676803302;-4.84705093825596;-4.92861252358995;-4.99682817274322;-4.99850681428448;-4.58286698960139;-3.75557235003212
30;-2.64327757357516;-2.00431775872846;-1.80641380103243;-1.94263741246291;-2.30041839517643;-2.85221601549961;-3.49297248654676;-3.97056111143232;-4.08677931407351;-3.84326417226291;-3.53817527176792;-3.54778522469295;-3.78681228026941;-3.9263400277849;-3.84080424680541;-3.63156728765116;-3.54756628066086;-3.67437007252178;-3.83504168369748;-4.28822608517413;-5.08775974760632;-5.94527242914666;-6.99481287638409;-7.51028249158357;-8.19024968862393;-8.83665585129344;-9.35675309006831;-10.1162568362738;-10.6703902559815;-11.966827139923;-12.0832486078919;-12.265713468394;-14.0765566067202;-16.4456406835033;-17.582267804074;-15.5719564047674;-13.0599059366697;-11.6802991525512;-11.0936140275567;-11.0390606077965;-11.0671209516484;-11.4780951550684;-11.8035484185314;-10.8807777574748;-10.0995693539237;-9.78899723587345;-9.04000611126879;-8.67349495020066;-8.75376812514522;-8.65882924347323;-8.79083514370667;-8.94525891771943;-8.90998291259472;-8.38049577981885;-7.78391785729708;-7.39993372499803;-6.81477502253376;-6.41501165742412;-6.07347276802342;-5.70962357859919;-5.11738118430318;-4.41357780541882;-3.86749664417923;-3.39199325665259;-2.97268957464106;-2.65455393656426;-2.84975913146935;-3.42023419099951;-3.84651237562327;-4.03582895209898;-3.9732480806132;-3.47113785282269;-2.64327757357516
35;-1.85384817266153;-1.09171612292886;-0.922786673065483;-1.21241101084339;-1.63178350185396;-2.19352959539038;-2.73039971591389;-2.76185357065539;-2.44392814232302;-2.11833506408115;-2.16890085971885;-2.44368114778785;-3.04459166708404;-3.51962369492318;-3.70954972141341;-3.96274070136567;-3.97157026526072;-4.17952328783149;-4.69071606965774;-5.26682533339597;-6.20117391758154;-7.15021276461941;-7.21999633647974;-6.45318689847685;-6.62723289263106;-6.50683217547574;-6.87447385831782;-7.83142550549474;-9.64459241967716;-11.1963213038657;-12.1987905229239;-12.244490788229;-12.5633298598698;-13.2545583543913;-14.4902595390438;-16.2290684572595;-16.2658908024744;-15.6948497173581;-17.106824420541;-21.1042473052434;-28.2279481215815;-22.5278102951013;-17.4775019705611;-15.2616045636021;-15.9268316111316;-16.2847020169318;-14.397864582607;-12.8173903995836;-12.6206273805063;-13.2696489828337;-13.8609894083408;-14.7405920772909;-14.9228924638291;-13.2650189544277;-11.6784607327887;-10.6260923993425;-9.68455936681776;-8.79248954700442;-7.73355001217488;-6.88979252739592;-5.96868148786;-4.83044580004208;-3.69186913394708;-2.93323807701932;-2.28528292361462;-1.78169729968778;-1.52762746058038;-2.03389404144024;-2.97239933884067;-3.07194021536491;-2.720392181457;-2.51620184170244;-1.85384817266153
40;-0.798077987083675;0.0323876848375503;0.173955340485172;-0.423790068358863;-1.01494077948956;-1.4254292076932;-1.81376531394935;-1.68927074980287;-1.32784742460108;-0.989664883933096;-0.976359174028526;-1.1798608440431;-1.64116368657729;-2.28854565801806;-2.79562364308124;-3.19714382918149;-3.66227116308071;-4.53092770341668;-5.33184423238944;-6.21719540562779;-6.92087674524929;-7.84013879021967;-8.53609068807663;-8.21971536368257;-7.92452785107078;-7.48278274942505;-6.94107947739708;-8.16516783241852;-10.8665376083804;-13.5265195729143;-12.3552502263903;-11.4942429144223;-10.5495587257399;-10.5208863984905;-11.3097337463519;-12.8984023368747;-15.3805300159338;-18.6608586008577;-19.3119850656267;-16.9126153029047;-16.0447929969177;-15.2306098583622;-15.6911327150458;-16.8632656460761;-15.7765094307648;-16.5655431337561;-14.6829494658587;-13.5846270463422;-13.1134658406924;-13.4444521887055;-14.0416756042095;-14.8255800215032;-13.5704097481732;-13.2392302317448;-11.5254179242523;-10.3300032988803;-9.34902033143872;-8.83888760977844;-8.51667222249604;-7.23785145817801;-5.96248654201084;-4.78286382134559;-3.67138443583097;-2.91917534240168;-2.07866356639428;-1.52368808610396;-0.98450106083271;-1.23728437248937;-1.54996371203664;-1.69724234126265;-1.77066589134244;-1.51365936014189;-0.798077987083668
45;0.668087387224278;1.0717645380282;1.01616117759041;0.663693398640914;0.338916869825574;0.0802682824995932;-0.210406170481;-0.317746969624429;-0.36752996479651;-0.48656003059558;-0.764709276475272;-1.01989781118147;-1.39137125737378;-1.9429713489464;-2.36858758946637;-3.19253343302337;-4.01443944751792;-5.1155628707635;-5.70952986969984;-6.23720510244658;-7.33351557668227;-8.50878851804524;-8.76353217027441;-8.87701737503278;-9.189755936115;-9.33384988645547;-9.60323696554297;-9.96119379684328;-12.9072904342211;-14.0938429429103;-12.2374418019844;-10.826816296726;-11.2761488777783;-13.4781714922095;-12.9667198629854;-13.1256240960095;-16.6526672901762;-20.0710798387905;-19.6879712874492;-15.9783761629893;-11.7924762328684;-10.5480511693362;-10.4124499320844;-10.2410442973481;-9.78698444678157;-9.55288102271476;-9.84122665002165;-11.0100655383035;-11.6316584751379;-12.6891019795454;-13.4614217115654;-14.4585736323025;-14.4910069317655;-12.717863048649;-11.4097913203604;-10.0416864728476;-8.80942477727341;-7.64977020779143;-6.63921540979418;-5.96859918585971;-5.08995336526229;-4.10263462235994;-2.99274039222511;-2.35459249910684;-1.72010574768392;-1.12851068811789;-0.733715099463193;-0.625497239591306;-0.391139814689625;-0.563124673501094;-0.434329186493797;0.0552881604614451;0.668087387224279
50;1.93927264288715;2.13445372833192;1.99207213871882;1.93751463473886;1.71565991748208;1.51828090681814;1.38105477834853;0.916301131551376;0.250928142518876;-0.266995170906452;-0.696216797975878;-1.46071416751342;-1.85582701691622;-2.03145341106548;-2.52913999539095;-3.56801540192153;-4.79075619577543;-5.7676997142158;-6.31710028978234;-6.9086055385813;-7.86330428629415;-8.95621638084298;-8.97840794168635;-9.42633090620222;-10.4810746625396;-11.9044608381606;-12.8713096735839;-13.3330418980444;-12.3843066486479;-12.5391565640782;-11.357202241995;-12.103355519506;-14.3969944422648;-15.5763461396411;-13.8908981475768;-13.0625645381635;-14.3102530508765;-14.7914875102094;-14.0896286285356;-12.3040323925655;-10.2562843495073;-8.67069338406294;-7.67955486953353;-7.26041714808409;-6.91782886681772;-7.29715382331467;-9.1105630791091;-11.0487303257601;-12.6262795731756;-12.2626910805403;-12.9743332611179;-13.1040534928526;-12.5234956343748;-11.2098474160909;-9.89035619519349;-8.46159592597266;-7.40911722843368;-6.11733134404752;-5.1192188027628;-4.45354447392534;-3.56010482539652;-2.7157644555144;-1.81219136015562;-1.36088878493524;-0.926145614522296;-0.55918269282179;-0.403915425723209;-0.137730206374234;0.243571811339753;0.674664627665644;1.05163439778425;1.37881646266891;1.93927264288715
55;2.69120139072704;2.97189324866818;3.03289691023616;3.0376539187406;3.03077126718075;2.83913221647665;2.33519331324443;1.43710768044322;0.480310792835803;-0.126723742936378;-0.808925559897827;-1.27311492587647;-1.33140572273506;-1.2348850737296;-1.39174506552851;-2.52807588480374;-3.75194164100024;-4.68117666054459;-4.87463223006904;-5.82336768778831;-7.58080246257163;-8.98909024968151;-9.4273263027369;-9.47225430621695;-10.0086989931843;-12.1839878346022;-15.3914479950968;-14.0183916291285;-11.993515912324;-11.4107497742402;-11.5263066664014;-12.2359894996046;-14.5636777790875;-17.7345096854544;-15.3641788705454;-13.8064080522141;-14.3851856910132;-16.2233351538508;-14.5418053892874;-11.9988984596623;-9.807092702976;-9.02169370242924;-8.7050439312771;-7.55537670667841;-6.95415426720792;-7.49103713447432;-9.77998605620487;-10.0319798685981;-9.980835537984;-10.4513973761631;-10.5050803598512;-12.8814427520959;-14.0416043877183;-13.7617601246483;-12.3132853577889;-10.1407799946523;-7.60462161767263;-5.96408824663134;-4.37950167250037;-3.42177929553345;-2.6301668297583;-1.55106287583639;-0.721604072875955;-0.102320010701966;0.0806934437773647;0.0924639989971227;0.222555869456061;0.337353181145929;1.00970656152148;1.57319889874708;1.99910092779051;2.39224841846208;2.69120139072705
60;3.34136861599252;3.51712680164982;3.81626586164062;4.05145983863231;4.08930809252217;3.87236498384673;3.07462809266266;2.16691914173979;0.999814101953402;-0.0808295369675923;-0.309589085562232;-0.476881913402782;-0.706175324212807;-0.694335282764858;-1.021301023006;-2.15227928156994;-3.32568797080104;-3.68644397142621;-3.95604820269979;-4.52195548561943;-5.65201072018595;-7.17795458028722;-7.95473177359557;-8.2435302805937;-7.82039435715704;-8.31872345280502;-9.53840611853496;-10.770692457868;-10.8456307283767;-10.2194194597704;-11.0673589010115;-12.3846079608324;-13.3919331256811;-18.304485590822;-24.443842657988;-17.2137906515776;-14.5234082251987;-15.7684674830342;-19.163446508234;-15.2924118298572;-12.1669533090174;-10.7840791402278;-10.5505792449753;-8.93793610778838;-6.92987922199007;-7.43792039462648;-8.61164120660628;-9.89491828265142;-9.74243032888777;-9.6169212125905;-10.954271692996;-13.2280375285441;-17.0529064970627;-20.0628446837117;-15.3361713865039;-11.8996279622885;-9.35363075860247;-7.41151385733865;-5.7297162189042;-3.86120859337757;-2.42936152248979;-1.13369965330922;0.0679487111279267;0.753824074320408;1.28972778147512;1.17578538634552;0.952769315904331;1.09482937434856;1.48135636620434;2.0902634600492;2.7054479140163;2.87440887084481;3.34136861599253
65;3.78448118412509;4.01192526857273;4.57257633627189;4.87412609463272;4.80877629556733;4.44416754702608;3.55433020084164;2.51017212260341;1.30927445808456;0.873447241469725;0.781100598197317;0.144195314063754;-0.231846750896567;-0.470209656148421;-1.10848823831197;-2.31535040757819;-3.66844548891613;-4.39383644403649;-4.39921402717013;-5.10568599143461;-5.98518193800742;-6.85240644545514;-7.74573319603122;-7.91206858118892;-8.00081560057692;-6.51887308129244;-6.32387089492324;-6.97334612561418;-8.59270863515285;-9.9795758562049;-11.3523413138588;-11.5739545958579;-10.4772435749299;-10.7765901034789;-14.3815972151109;-15.1940806079585;-13.5677436526986;-14.7733162881673;-21.1840034962868;-22.0625482941256;-16.9307019875711;-16.3051373364217;-13.9188831202962;-9.83908401260543;-7.83529289876907;-7.78503519008003;-8.33711825474728;-9.60446229477285;-10.2619240184111;-10.5412932011156;-10.3800450591657;-11.84248474354;-15.2578284382359;-16.3796122362892;-14.5136086159386;-14.9719443126415;-12.3105624477342;-9.1738483696737;-6.55892486744718;-4.59432452584319;-2.60765636064468;-0.879984832930112;0.510246799110246;1.36766030191008;1.95379179057255;1.9985367792755;1.98080751198376;1.89672583844638;2.44434612940579;2.95591680202917;3.37257161243624;3.42611676014155;3.7844811841251
70;4.11361819233924;4.50176722335203;5.17911067282262;5.61378423142688;5.29269874030069;4.92449572981304;4.04054116301414;2.99114964496539;2.18466483807728;1.69929479021039;1.35033758233744;0.55833634189233;-0.27459372370515;-1.16861461642237;-2.13505949423477;-3.76166981129992;-4.72748903251005;-4.87034025398168;-5.39577208286831;-6.38175272382187;-7.07717547785805;-6.93321345352673;-6.87515251272542;-7.2465931943102;-6.7956371237594;-5.57743154650232;-5.28124369650971;-5.4214026310931;-6.71705875927051;-8.83844010307646;-11.4148414801811;-12.2183410124757;-9.82293238744944;-9.83752187014676;-10.5160872958688;-12.1182555134043;-12.7730440530191;-13.5896605453603;-16.8754306896845;-20.3420532337386;-17.3371090153117;-13.3424250638741;-11.1868116757298;-9.53998530422425;-9.81665615100417;-10.5059734633855;-10.554817835611;-10.4936934999702;-10.3277203690407;-10.1253616049291;-8.15511616972828;-7.13564024416298;-8.42169522576894;-9.96092487857246;-11.1638797728463;-12.8882400622946;-14.6405313714487;-13.7954764059313;-9.24619082932789;-5.7170255655982;-3.21900646218171;-0.870209689859783;0.757814077795135;1.75077338291882;2.42769661244553;2.81313611801287;2.90648971193958;3.2014675072781;3.35447418801681;3.96314476502604;4.1052035343988;3.98526172512637;4.11361819233925
75;4.63572842757395;5.11862812950053;5.64133137338987;5.78985363046246;5.74467531753043;5.15486381113104;4.70812297035644;3.90286050494182;3.01913743681814;2.31477050475149;1.4965705647134;0.0709258729260505;-1.2962726009699;-2.56114316831745;-4.00251795229235;-5.60871893026359;-6.40057265978426;-6.45239723028071;-7.09921748165928;-9.05593875357333;-10.0394913604549;-9.81331187581253;-8.62917549419023;-8.65621673312548;-7.76560092893081;-6.90721174682864;-5.3537614173205;-4.58742304025184;-6.01803910592642;-9.00516699692007;-12.3617357408078;-11.810771279426;-10.1895092365208;-9.12131875522649;-9.71805930699997;-10.8473845639332;-12.8601811052634;-14.5160050146922;-14.4297541337474;-13.2224169092992;-10.9612901591111;-9.71814812313358;-9.19397531732931;-9.53319887778495;-11.5804592117196;-10.6835768867402;-11.0176931769984;-9.85525496551151;-9.2611362916059;-7.37728848344012;-5.22157380641562;-4.48647398548077;-4.97699242279896;-5.96243085415446;-7.15892428564415;-9.45580991308523;-12.806294540844;-15.4749437220019;-11.5054242678801;-6.9763978942548;-3.31940554536869;-1.15667234769843;0.595544822295046;1.69966234900039;2.52094473090668;3.20618150781511;3.58316413121249;4.0425254325747;4.59917013296345;4.73406835056902;4.64122802082238;4.48290662976363;4.63572842757395
80;5.08498363240683;5.54468498932538;6.08221727591383;6.08044699507494;5.84545637274615;5.68531276266047;5.42201821578491;4.87806548908154;3.97344860619697;2.78764399521008;1.25528897369598;-0.822094168676515;-2.53057174314718;-3.87577347082061;-5.06398242187135;-6.69298987738714;-7.5596880594956;-7.40015108959749;-8.04567265521191;-10.8412815734402;-13.1953899266823;-12.9275170018646;-10.8340914566597;-8.68580109099559;-9.59718745416251;-8.18655125551836;-5.93563528834416;-4.87538233809796;-5.85426307164218;-8.2990198218368;-11.6819300543224;-12.5439543366114;-11.8969159766762;-10.7157207265289;-10.0790287135132;-11.7324009900963;-14.3935380858004;-15.650847352512;-12.5605364739884;-10.094138477245;-8.25784194555328;-6.69908399172816;-7.52397403248756;-9.40272827055748;-11.8428139585292;-11.7866598163314;-11.6058073014534;-8.85771738491699;-7.01932332491373;-4.75856216123471;-2.66629704051195;-1.90174813892291;-2.23114382899731;-3.24074445066849;-4.39812131993408;-5.76741499507168;-7.86691636964297;-11.6607866686205;-11.962752240291;-7.88071394060806;-4.47661247820165;-1.8237242431924;-0.0654378758665367;1.27566916699675;2.20793076238737;3.07905033767771;3.94745882131333;4.82264166035031;5.3894650327965;5.54632636045493;5.55369518103392;5.07167045030149;5.08498363240683
85;5.60147357387814;5.88899541337093;6.14777429844546;6.19479794290686;5.98367975401117;5.91822327683409;5.92473846634316;5.46487145541682;4.26074636124408;2.6748656324195;0.865266401645299;-1.46835454069679;-3.20292484427684;-4.45919642495718;-6.17864593779579;-7.38002937254602;-7.5652535624324;-7.7217966935499;-10.0211500472809;-12.5360380613565;-14.0568325868593;-14.0339336943896;-12.1179651937226;-8.0227301848876;-7.21989222592332;-7.48863955756916;-7.37181878083189;-6.35865778193081;-6.69904248686982;-7.87342965871828;-10.1003795346922;-12.1297746526983;-14.3033535407909;-13.1360881617193;-12.6187027352107;-14.768249731913;-16.9720379721079;-14.5296163958747;-10.4401847731384;-6.78630839664403;-5.68220148118462;-4.95931731149008;-5.61176191683681;-7.51605396717149;-9.06852900454252;-10.4332175544155;-10.0249314409157;-7.30591361762697;-5.20873883805455;-2.55810580870115;-0.814322165528489;-0.340488713750484;-0.508103348288238;-1.51318620613707;-2.47146164977999;-3.51690065191289;-4.98874910191657;-7.76590816867542;-8.93267423833593;-7.37451979925726;-4.65211211326643;-2.38046043981478;-0.576836315316832;0.594417796369897;1.69713021877889;2.67972898293339;4.14780607003434;5.2541991655951;5.93701387523697;6.19496514112952;5.93399660550838;5.56301119124185;5.60147357387815
90;6.06841080347545;6.20260909970103;6.2807687552772;6.17549373747947;5.97777669676981;6.19547148073586;6.14707296618906;5.60658620874705;4.26411665496213;2.36955348294457;0.373338332165844;-1.51243978199779;-3.45037362039406;-4.46156118927826;-5.70381816979136;-7.80411587406786;-8.82129714432255;-9.33335871863407;-11.580301965614;-14.9462583434366;-14.032321952511;-13.2633717037587;-10.5154293813553;-6.3638509661125;-5.9876509451806;-5.99073831309717;-6.88829205119455;-7.55541382785291;-7.35424642523597;-7.38116858848803;-9.50815967159015;-12.2794175906738;-18.9948148677392;-16.7602395728215;-15.9800799341124;-16.6811994973635;-19.5534574709267;-13.5817419188206;-9.3252683040226;-6.58896897834843;-5.34925799911858;-3.8876964784966;-4.72405663600054;-6.05104515356533;-8.5250925134529;-10.2359081244504;-8.31260542641999;-5.53544886774617;-4.12897174482969;-1.61504666676252;-0.251173594074959;0.421408928990568;0.155821570055901;-0.704751407227231;-1.85080806980614;-2.96380379459756;-4.92123799705219;-7.17824790005491;-7.79761743712175;-6.31109668052757;-4.68024952834782;-2.9211242074359;-1.18032673340092;0.0505923390264101;1.16638945065713;2.58985814611213;3.93994107096856;5.38142054058445;6.10230449494951;6.45341453939904;6.30040339051775;5.98946422905423;6.06841080347545
95;6.39389116251901;6.27400452572241;6.09736660662862;5.90025555899561;5.92448641276425;6.08012164487073;6.13366105796381;5.31779909930266;3.80760610506882;1.77309558365073;-0.0287736707193769;-1.83094761899404;-2.98097568155362;-3.78213876145805;-5.0974754354307;-7.03550627147484;-7.77007483378818;-8.64525179759586;-11.2654546581242;-12.5307633401713;-10.6565616776971;-9.66476054592916;-7.34283237988631;-4.71286998288674;-4.47663866766019;-4.90795283888211;-6.00256310451183;-7.26287317071944;-7.47124630829617;-6.83109205628487;-7.43430211921433;-10.7237672199658;-16.8284839369425;-14.9467468949392;-13.047919941021;-13.7294725821448;-15.1179316333378;-11.6558151661461;-7.50856722440826;-5.83381955514176;-4.71910222151345;-3.22031867938465;-3.76565593714408;-4.7578699415753;-7.18361904420105;-8.38273041668926;-7.60474160557647;-5.12013528695742;-3.59292859788184;-1.36913367701071;0.00422580064699358;0.413718981442824;0.26840387450802;-0.49583164135658;-1.47732017887428;-2.59114213831514;-4.00811073119596;-6.11361966956168;-7.24851958177558;-6.41306900903623;-4.73838484044909;-3.04352140622056;-1.55976149832059;-0.234596927124684;0.876589713517281;2.14245846724414;3.81656911804408;5.06758535203392;6.00510585472732;6.29151448912787;6.52783774001195;6.31987975667186;6.39389116251902
100;6.48346860656491;6.23215344749298;5.88057748414135;5.7418661367689;5.8079893637762;5.84007283926385;5.569957073874;4.59351607463657;3.01812364870097;1.08035409179948;-0.718472690409799;-1.96661077374323;-3.65690224727355;-4.64852718094321;-5.75984763623703;-7.66925719109443;-9.74243870562296;-10.0558536372779;-9.17950524442347;-8.19292417343855;-7.64827804402119;-7.02691115971979;-4.90293623626826;-3.40767546923416;-3.74043182860259;-4.32339965551914;-4.6039657222141;-5.81906698481163;-5.71391168089289;-5.79485817129805;-5.82162374876858;-7.92395073315617;-11.7069113854529;-12.1022730856134;-10.392316944424;-10.9651991590743;-11.4943109196418;-10.0511931205045;-6.86646269009308;-5.54556779209758;-3.59818662282292;-2.37020176967222;-3.00749108490508;-4.49433129789941;-7.10136947042557;-8.21935514882133;-6.20952394642316;-4.94051822028155;-3.12496981904363;-1.03804659618885;0.00549134294480129;0.256379101868392;0.113187310557404;-0.660763019141977;-1.94113755328075;-3.413543899564;-5.20911948801066;-6.94869543054058;-7.51456192347954;-6.39509315794991;-5.19324942933424;-3.53836099459373;-2.0077960751049;-0.621437979122949;0.587483871488319;2.14208264109017;3.41711894147295;4.50060531045649;5.38197788868167;5.73011030547773;6.35639764022795;6.57095003291061;6.48346860656492
105;6.25333272465816;5.89908122134008;5.47020061807661;5.61787652942932;5.41181374916578;5.4211949450154;4.73145037094345;3.5780030867003;1.5365341652871;-0.498337497353929;-1.72175348177882;-2.61656029940275;-3.78849749873458;-5.37444632752082;-6.67047053027019;-9.14616743872564;-10.5422647880821;-10.9307640801708;-9.03483305905178;-7.20791256166056;-6.02333974543775;-4.77461162862881;-3.63275469501917;-3.05411236910669;-2.6249120354919;-2.66996649333783;-3.00363091441148;-3.24555833549128;-3.11990062932741;-3.40477564711552;-4.0285158258011;-5.76448177689073;-8.24100862489671;-8.91219104270929;-7.74785934292425;-7.33090210231638;-7.33564990615943;-7.34170984910366;-5.93756266704918;-4.38990386107213;-2.73858070960232;-2.27815927070625;-3.17183373885277;-4.60532122584114;-6.1422328219595;-5.79668413257104;-5.34227760565816;-3.56663212158571;-2.62275235144626;-0.845508072219948;-0.0155873875818157;0.0357699548529009;-0.204617064636518;-1.07343277143504;-2.10786355857041;-3.61899612372504;-5.0967586388695;-7.27207308327578;-8.69102016888281;-7.02072447979052;-5.47605219699653;-3.69577651507613;-1.91971321171474;-0.482397652186077;0.711466380906981;1.83375617598874;2.7959381796943;3.83903798918055;4.2855238438261;5.29524914561206;5.69459163711099;6.294523272996;6.25333272465816
110;5.51436518759798;5.19085635025617;4.93133077641452;4.84204006713935;4.93935387691571;4.51109969043875;3.69485295756998;2.06241374938315;-0.0409140751471466;-2.19327235336402;-3.38826003982613;-4.33720374299282;-5.93630745327953;-7.261625748166;-9.16517424807704;-9.92949190320256;-12.0631980400194;-10.6618944976762;-7.59009917033041;-5.20110695282295;-3.76117854274278;-2.8473022681339;-2.59709498978117;-1.79195422016782;-1.33345830101319;-1.71597571429736;-1.60834871357891;-1.35636792549092;-1.00903073677526;-1.40411383328696;-2.12153707796556;-3.63189461356138;-5.69337938294537;-6.45439470327051;-5.87050640764352;-5.42383132905261;-4.14522293382606;-4.20820252633258;-4.28934915555431;-3.06422517729604;-1.90610960962175;-1.9087402901381;-3.74903413498072;-5.31031839878827;-7.04724434709139;-5.01585526068086;-4.14391065782161;-2.66306900543736;-1.69046171001315;-0.510964628483616;0.135634288079884;0.176615612314628;-0.515768040012623;-1.33329942222895;-2.33161049652328;-3.53708068896111;-5.56208191472263;-7.07939220151829;-7.60748095018229;-7.40303635795622;-5.86672358791978;-4.47981460386625;-3.16197885032641;-1.52305942876574;0.14431503227141;1.2829235812958;2.19784025150793;2.6197687561672;3.33941923990764;4.20062291957516;5.29999649665494;5.61489797120532;5.51436518759798
115;4.46760943887365;4.08071774626213;3.98136373796422;4.14252411925339;3.91477030434253;3.48640812951882;2.3903074603664;0.641219324843453;-2.21495492625531;-4.52878375571253;-5.29543793279371;-5.99092222896314;-7.44899814363933;-8.4783487569601;-8.79536193168276;-8.82990471336573;-7.83989556476557;-6.41473427497612;-3.79480130777771;-1.8050933572414;-1.11452630864326;-1.40104726899242;-1.21834554015127;-0.565223179068187;-0.544265156108574;0.0280607194935438;0.24387341128185;0.457012430303599;0.467021115342669;-0.114841519530449;-0.994687581820592;-2.1430519734291;-3.54200558646269;-5.22237307483912;-4.66096608214756;-2.94567024039925;-2.01938885917671;-1.95303975665735;-2.3663979892916;-2.10325825596424;-1.84901909027655;-2.02313741854107;-4.06499914514549;-5.70907922630647;-5.8615149758768;-3.87663252468619;-2.80696640403267;-1.86189718030637;-0.413135493659911;0.22677152673244;0.55157806946985;0.611376465160848;0.478965290854215;-0.307455993593522;-1.46065070237075;-2.92395403365767;-3.98863285207585;-5.23098666447409;-5.76089649038442;-6.00419019095174;-6.01730264814483;-5.26055987770382;-3.68986477535884;-2.06165590872425;-0.643673999683723;0.223608200130406;0.817970772720276;1.60839562847469;2.08042556520294;3.55002310348878;4.14064395177159;4.51243255031922;4.46760943887366
120;2.63224451866568;2.54615735773144;2.36448119908795;2.5302669488763;2.56992675240963;1.74555569543132;0.573668250792706;-1.77682303663232;-4.85200631957954;-7.25058125110167;-6.65528437821458;-6.40887556463276;-7.20878971971942;-6.31978968645023;-4.67022610177908;-4.37460184651717;-3.8682236360354;-3.07816213418626;-1.35623023815647;0.022173475054262;0.56539817363208;1.02041771921365;0.958042162025516;0.623529430990152;1.0945799003817;0.945427772615953;1.46097473771495;1.46101216966752;1.17676315864479;0.474660463891452;-0.408323309521935;-1.5297815663525;-2.90871174436433;-4.06193384992903;-3.6941344008487;-2.20087766818028;-1.33694925647527;-0.603710807699442;-0.540834780984485;-1.03420002464531;-1.51237847612461;-2.09130103328353;-3.2894905677732;-4.35197968728373;-3.95379477479552;-3.41036953556806;-1.54669193304498;-0.76377348874046;0.652713741832719;0.999808760540527;1.24293419606973;1.51495233430684;1.24206086213168;0.733607383714254;-0.108054422133501;-0.803386239392975;-1.43230517076576;-2.42110836184749;-3.45426205761564;-4.68944165872343;-5.93753718696908;-6.32327950579352;-5.15904071810888;-3.81559607537426;-2.27939447620159;-1.05251406056079;-0.633560712442684;-0.500533185722605;0.799165121811724;1.69682672557637;2.64590149610014;2.74501896342074;2.63224451866568
125;0.00467046836011913;0.134364508328045;0.555945030476681;0.595449143611434;0.261098453466024;-0.234830032417016;-1.84202678007783;-4.51818502393454;-9.18592061341703;-11.6567067144735;-7.6896795329745;-5.26729055764203;-3.80241450356027;-2.91979082444166;-2.17749962412364;-1.13550528634536;-0.237800499716226;0.530674554994358;1.34181436790785;2.07097107150644;2.60348935763697;2.57421926036537;2.54369687663259;2.62200639513322;2.20868241065021;2.45497895929793;2.29021991273336;2.21149287856784;2.12406230742286;1.29502454306414;0.306010879503288;-0.549682044886631;-1.79416104224738;-2.93681223585014;-3.12445759542337;-2.12223847066054;-0.874136223326467;-0.225175573891221;0.152499219063702;-0.213037828270331;-1.02136512649095;-1.34367376844569;-1.95013531312807;-2.47617623009296;-2.36320698810959;-1.98413830593085;-0.678935587428318;0.599110590319492;1.29157405773214;2.0527632317073;2.43603251365613;2.59271212578176;2.60257325334423;2.17312526994513;1.48657387362543;0.82958524066704;0.0499831070235386;-0.657583428377041;-1.68752196531668;-3.04561878422415;-5.10801549148859;-7.24476565690137;-6.63893820801146;-5.13165524206546;-3.81919608050932;-3.22852542963053;-2.78621426675343;-2.28757983154256;-1.10786766237955;-0.081081676613607;0.493339834208092;0.238859840964104;0.00467046836012202
130;-5.3258343700066;-4.01417127444922;-3.21189510584433;-2.74780601613353;-2.71061659480495;-3.52080622090474;-5.44903197201893;-8.62353120077771;-11.7176279921055;-9.20882465711238;-5.69969640254723;-3.4410954539378;-2.29830639151353;-1.05769616655526;0.166305637065663;1.04625835374612;1.68059876542732;2.12278204734632;2.68304614872824;3.2362075347646;3.8596287741288;4.18941497580475;3.89250346549166;3.51765798010988;3.45497964163417;3.18996565804958;3.2163182171804;2.90076754285974;2.70153248804709;2.16578695396943;1.46089703557834;0.34771601057502;-0.680434000454997;-1.47356938889562;-2.34447533416983;-1.90890951471929;-0.634815143851895;0.582419709519004;1.10049638802622;0.950286030804891;0.836581939238822;0.396874220285572;-0.0382130353507988;-0.835525657144972;-1.09492621563398;-0.65012204889874;0.100328545074088;1.06520489567646;1.91083289717398;2.47243450733564;2.8588249978398;3.16666923443633;3.14873335776535;2.6603008595274;2.24830439024192;1.66442943406063;1.18374360212337;0.393630496959467;-0.815597944664808;-2.71375487798884;-4.04912269919827;-4.74645889770154;-5.15831839294855;-4.79039562175087;-5.10276638388839;-5.87408222312019;-6.67921103839264;-5.97829824776656;-4.56528698390117;-3.46912731343207;-3.61251504146579;-4.78819180295947;-5.3258343700066
135;-14.4927424182859;-10.7943662946343;-8.48616767511384;-7.45985652308862;-7.43359401760092;-8.16963543711464;-9.18033078236381;-9.08173999444262;-7.06014864454087;-4.86541763070085;-2.84896178769421;-1.24017780248862;-0.246660424123709;0.660327028760603;1.57260027613188;2.29694027530884;2.85506379673992;3.34639907551807;3.83890726578029;4.25958517217978;4.48682634723786;4.33881175778001;4.04387719911124;3.72941275583161;3.47073870042526;3.56709301017987;3.64810785766196;3.38886120925986;2.94331256640443;2.39154833367958;1.85742084085987;1.25046621833924;0.600050195562655;-0.21658625039312;-0.647852737386134;-0.526071522253477;0.124658820782223;0.795353734742484;1.23765141593267;1.74786738860704;2.2810492647744;2.14062417432799;1.62659326110179;0.785297101162465;-0.0346467647417931;0.474339945184428;1.38008564821545;1.93708007755786;2.25047640956378;2.89611466975701;3.28867806862629;3.25323363465155;3.0740670276148;2.82767232237541;2.40985272026361;2.11708375712437;1.63995490001005;0.952064221458027;0.259654663125576;-0.470394950552885;-1.5922527326504;-2.33934681184666;-2.86591988158053;-3.59162836475975;-4.91710638521433;-7.1073900795831;-9.4453312514013;-9.83117020354495;-8.6873752196692;-8.0711352289511;-10.0076017032602;-14.2125583531428;-14.4927424182859
140;-8.27412803436435;-8.22625993608149;-8.66832035323175;-8.97952945904894;-8.53042628948088;-8.11651818558219;-6.88536871707294;-5.01756442489696;-3.58445430720954;-1.98653457081254;-0.565833756676058;0.292307378164568;0.814193158476033;1.47453281702376;2.10981239296835;2.73726345797063;3.46495044751046;3.99293353214554;4.34492888107781;4.57441253844893;4.64723421681927;4.55338802176963;4.19895608032047;3.83987153295459;3.52949496151898;3.4899841657442;3.6633650730563;3.633146803009;3.41304008238508;3.0585507647951;2.60569404787842;2.1216785767815;1.66835734054798;1.31302451927948;1.09016625456311;1.03886529100045;1.11634699732288;1.2526971962626;1.33188146868958;1.69335324176774;2.41043413479143;2.86007052484876;2.90816913772526;2.66344506718106;2.28628646618209;2.21269376262432;2.53420403695115;3.18436835090436;3.50922993166339;3.5470049862542;3.81253580426602;3.87429179498925;3.82025374057951;3.68385950546298;3.45031469152566;3.17127855003117;2.75539708173547;2.37099162814369;1.67426966131271;1.14757015790067;0.410311981234877;-0.294172841757196;-1.12063694444668;-2.32858561600782;-3.58060562462503;-4.98734274506487;-6.85264912063431;-7.95434952262543;-8.2611290520142;-7.99001668814542;-8.06574158516288;-8.39869470113849;-8.27412803436434
145;-2.60918670308145;-2.44747598349531;-2.85578430886533;-3.62675530891122;-3.98318870716869;-3.38383449573578;-2.60764659018364;-1.86071522974692;-0.826412704228237;0.11095552334986;0.898287884299769;1.56001543924948;2.20048109533602;2.71179794996451;3.19365828193365;3.74727213202514;4.18725614354846;4.52081245266017;4.74960707769586;4.82936695382162;4.83391488490995;4.8124257445338;4.52358863466309;3.95047539614169;3.48990645620409;3.47606226829714;3.56406098730427;3.81540698816118;4.02852251278109;3.97835670198058;3.83064678565436;3.6768359785495;3.31225531891485;3.05519662130277;2.70470567425292;2.10753441724348;1.56391652244082;1.17809748242347;1.03718828324366;1.45027929492109;2.28847852338717;3.016691212146;3.40202831783904;3.50278652686458;3.51079206045163;3.48206490061497;3.46858636927208;3.6477292197433;4.00064418351776;4.29319288993694;4.36999327500474;4.32076619751066;4.11969283322756;3.91758795993582;3.76577539728054;3.67404766390607;3.56110100385782;3.31697178824222;2.90223155056887;2.30109214402894;1.55839890666161;0.75003510612431;-0.13368307783371;-0.83374529352665;-1.4536738684247;-2.16229745277433;-2.8577388385077;-3.1966303956871;-2.96364120340715;-2.75375197097822;-2.84267896934486;-2.88390587535551;-2.60918670308144
150;0.855072593884581;0.567284997461912;0.188262012253483;-0.16468004088206;-0.27264316333543;-0.102735379992545;0.23790962265758;0.671368697747027;1.27853007553257;2.04382564078065;2.67428933200922;3.09411291146428;3.37687609041872;3.57364220634536;3.83062563590156;4.14695726878329;4.50624271509847;4.8768777260638;5.11146673981204;5.25191737359995;5.33784995889113;5.23211293284051;4.93269606458683;4.5716013803786;4.33620908779758;4.05169796407313;3.98300902049506;4.3499357598943;4.68665852043035;4.92915952969193;5.15010039030574;5.20168125022345;4.95321059617454;4.58698584718231;4.07824762680372;3.31245887307817;2.54942940027261;2.11624094692782;2.11290159509502;2.48974513790518;3.02789330357932;3.46170015548522;3.70267096596629;3.79796262910342;3.81959421769969;3.90756075993934;4.10692567079687;4.27851281070353;4.42294237461734;4.60281880873855;4.71590733330788;4.73244297877459;4.76758180013234;4.75278173692728;4.61773907969047;4.43767780474802;4.17086989406621;3.87507590169454;3.59604104206876;3.09032045799231;2.44290998653728;1.83459864224223;1.42223015988403;1.01904703949912;0.404184179656999;0.100720157444397;0.11675129244262;0.0850600749553232;0.0866405931516981;0.370678671684993;0.787977302251802;0.977594282571244;0.855072593884583
155;2.88291375376532;2.7413409941374;2.51081617571312;2.31728258100691;2.20271961405246;2.17560768658995;2.30578258479814;2.62648730158198;3.00124221305008;3.29649553080075;3.53044867479171;3.74640136848247;3.96583790773126;4.21237661317636;4.45545198362101;4.70041682292833;4.97941741984517;5.23233472910138;5.41279795660634;5.56693766194364;5.71827422804762;5.7683630989727;5.63899824931944;5.46538149422145;5.33517466847676;5.22889252184606;5.30090990097226;5.48327745058767;5.60510492427739;5.75318142722888;5.88346620596804;5.82149795025301;5.58284956749478;5.25876857814556;4.82349770824818;4.25251175794957;3.67525973148398;3.29260213728199;3.18052886418969;3.26207918079118;3.43249331845877;3.60687651303271;3.72643895134215;3.79126510525591;3.8721527814676;4.04450115441964;4.28637743103366;4.51636844903735;4.67042017533287;4.73854424807392;4.79776323674883;4.87059406021842;4.87570465704462;4.8210700032259;4.77741490188623;4.70924990804789;4.55778601471935;4.36094572454501;4.08632145213852;3.650548392193;3.19695042561337;2.84323515360282;2.48700556716779;2.16423882199232;1.96059504926928;1.8436937460481;1.8394753194241;1.99144171405593;2.21758888606005;2.43267168176615;2.64832992669209;2.83693086347532;2.88291375376532
160;4.32193466824948;4.31591015633425;4.25127378695711;4.16976082241752;4.11364910955289;4.09267363426717;4.09239925604548;4.12360111048049;4.23199407781363;4.43324130805921;4.68079875892946;4.91983898591327;5.11806659988712;5.2648765576751;5.39822733750315;5.56927786161287;5.74601212568908;5.85810556166548;5.93034033977447;6.04342596478615;6.17577459445628;6.2442785473318;6.27113238339998;6.32831306146741;6.38149914811667;6.36436935085956;6.29064587510004;6.21683571925777;6.2007221030828;6.23895160876802;6.21809279620288;6.04047699962883;5.74099443201888;5.40814227135567;5.06191166334871;4.67898751299868;4.28263817990964;3.9484518265637;3.73726316024797;3.64657735220346;3.63035285739269;3.651129420138;3.70759657286218;3.81744842533471;3.97808089938072;4.15958314919769;4.33901698844237;4.51003179447223;4.65489445665788;4.75169793900266;4.81229655027806;4.86190741600149;4.89094135885872;4.88837686385269;4.88114792861588;4.87131814236827;4.80643523200567;4.67349430195114;4.51968453733086;4.34281884113201;4.11983958366854;3.93547854748897;3.85120678975552;3.75710790146503;3.59186743148181;3.48193536765295;3.52890216346651;3.67324318083941;3.83186741299833;3.98546273618766;4.13339558274942;4.25562980926578;4.32193466824949
165;5.31310571141579;5.34928417844112;5.38012969909027;5.39958656008926;5.40446491450131;5.39764049151573;5.38704346938276;5.3826669585518;5.39657208781799;5.44429978970833;5.5376719207256;5.66967917343541;5.81261753094023;5.93867430045231;6.03920490792732;6.1236599826956;6.21035830055611;6.32048928004684;6.46390881817511;6.6202445809814;6.74656083240215;6.81197506207469;6.81920929805096;6.79443748571502;6.76470824083068;6.74414562526743;6.73399978810505;6.73125641827806;6.72995052279675;6.70861223513627;6.62952016026894;6.46644726624934;6.23078127483604;5.96308188785666;5.70011264906291;5.45409676924713;5.22032966734423;4.99522629956411;4.78525476955745;4.60531206684781;4.47314835871681;4.40349607186519;4.40182014784587;4.45841471502641;4.54827322523682;4.64271831586198;4.72823554671838;4.81451322265581;4.91680519786308;5.02699065653649;5.11114783269482;5.1422145734189;5.13044352118348;5.11649318222095;5.13065364648716;5.1624383519382;5.17992616694839;5.17032172099788;5.14188118558276;5.09255720278673;5.0094439334142;4.90535845043778;4.82238196873005;4.78657121704546;4.789025198212;4.81908678796128;4.88224940886796;4.97726015532454;5.08141912212463;5.16868759129215;5.23047591128327;5.27490957543496;5.31310571141579
170;6.17089718147062;6.19649026935923;6.20994088508459;6.21451232451124;6.21438386735603;6.21475142699358;6.22156143996533;6.24016698540881;6.2728729531083;6.31678653767751;6.3642715201881;6.40699871863725;6.44160048841619;6.47294049046417;6.51195876972177;6.56859576444832;6.64420959327104;6.72889883363236;6.80571711036049;6.85896246130345;6.88178010383009;6.87945310703136;6.86671135395672;6.85969165118128;6.86654112719141;6.88299912370403;6.89646121695295;6.89505883000062;6.87442045376839;6.83770780925701;6.79040971454616;6.73486999318227;6.66844558580831;6.58539904776412;6.48006144974902;6.34921990908711;6.19339322078869;6.01753914179281;5.83143851765635;5.64930285066407;5.48780482138578;5.36218136926873;5.28139704392534;5.24484048620528;5.24302659017821;5.26241518832883;5.29140047547301;5.32365775201029;5.35728602488377;5.39160745855447;5.42496479002774;5.45498092096885;5.47977175181287;5.49813316269582;5.50893528065039;5.51142222725029;5.50669325204222;5.49847806478768;5.49174672421642;5.49039501506964;5.49649283428055;5.51149759184154;5.53735581648577;5.57598254822961;5.62801047648154;5.69235312663518;5.76659255067739;5.84719916156946;5.92940000626213;6.00748417943085;6.07595857574646;6.13094002855181;6.17089718147062
175;6.62543580912124;6.63383710385202;6.6365593180956;6.63518756970337;6.63144106927328;6.6269596034834;6.62312243773344;6.62093368862572;6.62099376101651;6.62355083087199;6.62859861713883;6.6359708335298;6.64539013977596;6.65646040984531;6.66863141940622;6.68119136692014;6.69333602208913;6.70432242779454;6.71365993691813;6.721253101125;6.72741422454074;6.73271239397537;6.73770065100341;6.74262747318858;6.74725685809755;6.75087777251386;6.75249709900141;6.75112559211348;6.74602854590588;6.73683906044639;6.72350385332247;6.70611020123291;6.6846901717357;6.65909662094208;6.62900180670711;6.59401000256044;6.55382964099013;6.50843593200743;6.45817140851698;6.40376590314318;6.34629150571809;6.28708822119612;6.22769594195142;6.16980991270771;6.1152494890006;6.065907588616;6.02364399845525;5.99010559328217;5.966494480413;5.9533435273816;5.95037641051443;5.95651372051449;5.97004288729287;5.98891810503591;6.01111971800351;6.03499227735679;6.05949354668455;6.08431176374721;6.10983521329675;6.13698238387698;6.16692319585241;6.20074262777121;6.23911416219148;6.28205430966237;6.32881425530065;6.37793108798944;6.42741992867287;6.47505544740499;6.51867820032406;6.55646869902965;6.58715172585838;6.6101142964724;6.62543580912123
180;6.67712576566362;6.67712576566362;6.67712576566362;6.67712576566362;6.67712576566362;6.67712576566362;6.67712576566362;6.67712576566362;6.67712576566362;6.67712576566362;6.67712576566362;6.67712576566362;6.67712576566362;6.67712576566362;6.67712576566362;6.67712576566362;6.67712576566362;6.67712576566362;6.67712576566362;6.67712576566362;6.67712576566363;6.67712576566363;6.67712576566363;6.67712576566363;6.67712576566363;6.67712576566363;6.67712576566363;6.67712576566363;6.67712576566363;6.67712576566362;6.67712576566363;6.67712576566362;6.67712576566362;6.67712576566363;6.67712576566363;6.67712576566363;6.67712576566363;6.67712576566362;6.67712576566362;6.67712576566363;6.67712576566363;6.67712576566363;6.67712576566363;6.67712576566363;6.67712576566363;6.67712576566363;6.67712576566362;6.67712576566362;6.67712576566362;6.67712576566362;6.67712576566362;6.67712576566362;6.67712576566362;6.67712576566362;6.67712576566362;6.67712576566362;6.67712576566362;6.67712576566362;6.67712576566362;6.67712576566362;6.67712576566362;6.67712576566362;6.67712576566362;6.67712576566362;6.67712576566362;6.67712576566362;6.67712576566362;6.67712576566362;6.67712576566362;6.67712576566362;6.67712576566362;6.67712576566362;6.67712576566362
